"""{0}"" cannot be added to cart. Bundle is out of stock. Allow Negative Stock is disabled.","تعذرت إضافة ""{0}"". رصيد المجموعة لا يسمح."
"""{0}"" cannot be added to cart. Item is out of stock. Allow Negative Stock is disabled.","تعذرت إضافة ""{0}"". رصيد الصنف لا يسمح."
"""{0}"" is not available in warehouse ""{1}"". Please select another warehouse.","""{0}"" غير متوفر في المستودع ""{1}"". يرجى اختيار مستودع آخر."
"% Percent","% نسبة"
"(FREE)","(مجاني)"
"(Max Discount: {0})","(الحد الأقصى للخصم: {0})"
"(Min: {0})","(الحد الأدنى: {0})"
"({0}) expenses waiting to sync","({0}) مصروفات في انتظار المزامنة"
"+ Add Payment","+ إضافة طريقة دفع"
"+ Create New Customer","+ إنشاء عميل جديد"
"+ Free Item","+ منتج مجاني"
"+ New Expense","+ مصروف جديد"
"+{0} FREE","+{0} مجاني"
"+{0} more","+{0} أخرى"
"-- No Campaign --","-- بدون حملة --"
"-- Select --","-- اختر --"
"1 item","صنف واحد"
"1 selected","1 مختار"
"1 week ago","منذ أسبوع"
"1 {0} = {1} {2}","1 {0} = {1} {2}"
"1. Go to <strong>Item Master<strong> → <strong>{0}<strong>","1. اذهب إلى <strong>سجل الأصناف</strong> ← <strong>{0}</strong>"
"2. Click <strong>""Make Variants""<strong> button","2. انقر على زر <strong>""إنشاء الأنواع""</strong>"
"3. Select attribute combinations","3. اختر تركيبات الخصائص"
"4. Click <strong>""Create""<strong>","4. انقر على <strong>""إنشاء""</strong>"
"<strong>Company:<strong>","<strong>الشركة:<strong>"
"<strong>Items Tracked:<strong> {0}","<strong>الأصناف المتتبعة:<strong> {0}"
"<strong>Last Sync:<strong> Never","<strong>آخر مزامنة:<strong> أبداً"
"<strong>Last Sync:<strong> {0}","<strong>آخر مزامنة:<strong> {0}"
"<strong>Note:<strong> When enabled, the system will allow sales even when stock quantity is zero or negative. This is useful for handling stock sync delays or backorders. All transactions are tracked in the stock ledger.","<strong>ملاحظة:<strong> عند التفعيل، سيسمح النظام بالبيع حتى لو كانت كمية المخزون صفراً أو سالبة. هذا مفيد لمعالجة تأخر مزامنة المخزون أو الطلبات الآجلة. يتم تتبع جميع المعاملات في دفتر المخزون."
"<strong>Opened:</strong> {0}","<strong>تم الفتح:</strong> {0}"
"<strong>Opened:<strong>","<strong>تم الفتح:<strong>"
"<strong>POS Profile:</strong> {0}","<strong>ملف نقطة البيع:</strong> {0}"
"<strong>POS Profile:<strong> {0}","<strong>ملف نقطة البيع:<strong> {0}"
"<strong>Status:<strong> Running","<strong>الحالة:<strong> يعمل"
"<strong>Status:<strong> Stopped","<strong>الحالة:<strong> متوقف"
"<strong>Warehouse:<strong> {0}","<strong>المستودع:<strong> {0}"
"<strong>{0}</strong> of <strong>{1}</strong> invoice(s)","<strong>{0}</strong> من <strong>{1}</strong> فاتورة(فواتير)"
"APPLIED","مُطبَّق"
"About","عن النظام"
"Access your point of sale system","الدخول لنظام نقاط البيع"
"Account","الحساب"
"Action '{0}' is not allowed from POS.","الإجراء '{0}' غير مسموح من نقطة البيع."
"Active","نشط"
"Active Only","النشطة فقط"
"Active Shift Detected","تنبيه: الوردية مفتوحة"
"Active Warehouse","المستودع النشط"
"Actual Amount *","المبلغ الفعلي *"
"Actual Stock","الرصيد الفعلي"
"Actual Stock:","المخزون الفعلي:"
"Add","إضافة"
"Add Item","إضافة صنف"
"Add Payment","إضافة دفعة"
"Add Receipt / Attachment","إضافة إيصال / مرفق"
"Add Split","إضافة تقسيم"
"Add another...","إضافة المزيد..."
"Add items to the cart before applying an offer.","أضف أصنافاً للسلة قبل تطبيق العرض."
"Add items to your cart to see eligible offers","أضف منتجات للسلة لرؤية العروض المؤهلة"
"Add to Cart","إضافة للسلة"
"Add {0} more to unlock","أضف {0} للحصول على العرض"
"Added","مضاف"
"Additional Discount","خصم إضافي"
"Additional notes...","ملاحظات إضافية..."
"Address","العنوان"
"Adjust return quantities before submitting.\n\n{0}","عدّل كميات الإرجاع قبل الإرسال.\n\n{0}"
"After returns","بعد المرتجعات"
"Against: {0}","مقابل: {0}"
"All","الكل"
"All ({0})","الكل ({0})"
"All Invoices","جميع الفواتير"
"All Items","جميع المنتجات"
"All Status","جميع الحالات"
"All Synced","تمت المزامنة بالكامل"
"All Territories","جميع المناطق"
"All Types","جميع الأنواع"
"All cached data has been cleared successfully","تم تنظيف الذاكرة المؤقتة بنجاح"
"All invoices are either fully paid or unpaid","جميع الفواتير إما مدفوعة بالكامل أو غير مدفوعة"
"All invoices are fully paid","جميع الفواتير مدفوعة بالكامل"
"All items from this invoice have already been returned","تم إرجاع جميع المنتجات من هذه الفاتورة بالفعل"
"All items loaded","تم تحميل جميع المنتجات"
"All items removed from cart","تم إفراغ السلة"
"All sales persons selected","تم تحديد كافة المندوبين"
"All stock operations will use this warehouse. Stock quantities will refresh after saving.","جميع عمليات المخزون ستستخدم هذا المستودع. سيتم تحديث كميات المخزون بعد الحفظ."
"Allow Additional Discount","السماح بخصم إضافي"
"Allow Credit Sale","السماح بالبيع بالآجل"
"Allow Item Discount","السماح بخصم المنتج"
"Allow Negative Stock","السماح بالمخزون السالب"
"Allow Partial Payment","السماح بالدفع الجزئي"
"Allow Return","السماح بالإرجاع"
"Allow Write Off Change","السماح بشطب الباقي"
"Amended From","معدّل من"
"Amount","المبلغ"
"Amount in {0}","المبلغ بـ {0}"
"Amount owed by customer","المبلغ المستحق على العميل"
"An error occurred","حدث خطأ"
"An error occurred while creating the expense report","حدث خطأ أثناء إنشاء تقرير المصروفات"
"An error was encountered. Please see the error logs for details.","حدث خطأ. يرجى مراجعة سجلات الأخطاء للتفاصيل."
"An unexpected error occurred","حدث خطأ غير متوقع"
"An unexpected error occurred.","حدث خطأ غير متوقع."
"Appearance","المظهر"
"Applied","مُطبَّق"
"Apply","تطبيق"
"Apply Coupon","تطبيق الكوبون"
"Apply Credit","تطبيق الرصيد"
"Apply Discount On","تطبيق الخصم على"
"Apply Filter","تطبيق الفلتر"
"Apply Offer","تطبيق العرض"
"Apply On","تطبيق على"
"Apply coupon code","تطبيق رمز الكوبون"
"Applying offer...","جاري تطبيق العرض..."
"Applying...","جاري التطبيق..."
"Approval Pending","بانتظار الموافقة"
"Approved","مُعتمد"
"Archive","أرشفة"
"Are you sure you want to delete <strong>""{0}""<strong>?","هل أنت متأكد من حذف <strong>""{0}""<strong>؟"
"Are you sure you want to delete this expense?","هل أنت متأكد أنك تريد حذف هذا المصروف؟"
"Are you sure you want to delete this offline invoice?","هل أنت متأكد من حذف هذه الفاتورة غير المتصلة؟"
"Are you sure you want to sign out of POS Next?","هل أنت متأكد من تسجيل الخروج من POS Next؟"
"Are you sure?","هل أنت متأكد؟"
"Ascending","تصاعدي"
"At least {0} items required","مطلوب {0} أصناف على الأقل"
"Attachment #{0}: File size ({1}MB) exceeds maximum allowed size of {2}MB.","المرفق #{0}: حجم الملف ({1} ميجابايت) يتجاوز الحد الأقصى المسموح {2} ميجابايت."
"Attachment #{0}: File type "".{1}"" is not allowed.","المرفق #{0}: نوع الملف "".{1}"" غير مسموح."
"Attachment #{0}: File type "".{1}"" is not allowed. Allowed types: {2}","المرفق #{0}: نوع الملف "".{1}"" غير مسموح. الأنواع المسموحة: {2}"
"Attachment Limit Reached","تم الوصول لحد المرفقات"
"Attachments","المرفقات"
"Attachments ({0})","المرفقات ({0})"
"Auto","تلقائي"
"Auto Sync","مزامنة تلقائية"
"Auto-Add ON - Type or scan barcode","الإضافة التلقائية مفعلة - اكتب أو امسح الباركود"
"Auto-Add: OFF - Click to enable automatic cart addition on Enter","الإضافة التلقائية: معطلة - انقر لتفعيل الإضافة التلقائية عند Enter"
"Auto-Add: ON - Press Enter to add items to cart","الإضافة التلقائية: مفعلة - اضغط Enter لإضافة منتجات للسلة"
"Auto-Sync:","مزامنة تلقائية:"
"Auto-generated if empty","يتم إنشاؤه تلقائياً إذا كان فارغاً"
"Available","متاح"
"Available Credit","الرصيد المتاح"
"Available Offers","العروض المتاحة"
"Average Transaction","متوسط المعاملة"
"BALANCE DUE:","المبلغ المستحق:"
"Back","رجوع"
"Background Stock Sync","مزامنة المخزون في الخلفية"
"Bank Transfer","تحويل بنكي"
"Barcode","باركود"
"Barcode Scanner: OFF (Click to enable)","ماسح الباركود: معطل (انقر للتفعيل)"
"Barcode Scanner: ON (Click to disable)","ماسح الباركود: مفعل (انقر للتعطيل)"
"Basic Information","المعلومات الأساسية"
"Before tax","قبل الضريبة"
"Brand","العلامة التجارية"
"Brands","العلامات التجارية"
"Bundle Items","أصناف الحزمة"
"Cache","الذاكرة المؤقتة"
"Cache empty","الذاكرة فارغة"
"Cache ready","البيانات جاهزة"
"Cache syncing","مزامنة الذاكرة"
"Calculating totals and reconciliation...","جاري حساب الإجماليات والتسوية..."
"Campaign","الحملة"
"Cancel","إلغاء"
"Cancelled","ملغي"
"Cannot add more non-cash payments. Use cash for overpayment.","لا يمكن إضافة دفع غير نقدي. يرجى استخدام النقد للمبلغ الزائد."
"Cannot create return against a return invoice","لا يمكن إنشاء إرجاع مقابل فاتورة إرجاع"
"Cannot delete coupon as it has been used {0} times","لا يمكن حذف الكوبون لأنه تم استخدامه {0} مرات"
"Cannot process return for this invoice","تعذر عمل مرتجع لهذه الفاتورة"
"Cannot remove last serial","لا يمكن إزالة آخر رقم تسلسلي"
"Cannot save an empty cart as draft","لا يمكن حفظ سلة فارغة كمسودة"
"Cannot sync while offline","لا يمكن المزامنة (لا يوجد اتصال)"
"Card","بطاقة بنكية"
"Card Sales","مبيعات بطاقات"
"Cart","السلة"
"Cart Items","محتويات السلة"
"Cart does not contain eligible items for this offer","السلة لا تحتوي على منتجات مؤهلة لهذا العرض"
"Cart does not contain items from eligible groups","السلة لا تحتوي على منتجات من المجموعات المؤهلة"
"Cart subtotal BEFORE tax - used for discount calculations","المجموع الفرعي للسلة قبل الضريبة - يستخدم لحساب الخصم"
"Cash","نقدي"
"Cash Over","زيادة نقدية"
"Cash Refund:","استرداد نقدي:"
"Cash Sales","مبيعات نقدية"
"Cash Short","نقص نقدي"
"Cash in Hand","النقدية بالدرج"
"Cashier","أمين الصندوق"
"Category","الفئة"
"Change Due","الباقي"
"Change Password","تغيير كلمة المرور"
"Change Profile","تغيير الحساب"
"Change language: {0}","تغيير اللغة: {0}"
"Change sales person","تغيير المندوب"
"Change:","الباقي:"
"Check Availability in All Wherehouses","التحقق من التوفر في كل المستودعات"
"Check Other Warehouses","التحقق من المستودعات الأخرى"
"Check availability in other warehouses","التحقق من التوفر في مستودعات أخرى"
"Check warehouse availability","التحقق من توفر المستودع"
"Checking Stock...","جاري فحص المخزون..."
"Checking warehouse availability...","جاري التحقق من توفر المستودعات..."
"Checkout","الدفع وإنهاء الطلب"
"Choose a coupon from the list to view and edit, or create a new one to get started","اختر كوبوناً من القائمة لعرضه وتعديله، أو أنشئ واحداً جديداً للبدء"
"Choose a promotion from the list to view and edit, or create a new one to get started","اختر عرضاً من القائمة لعرضه وتعديله، أو أنشئ واحداً جديداً للبدء"
"Choose a variant of this item:","اختر نوعاً من هذا الصنف:"
"City","المدينة"
"Clear","مسح"
"Clear All","حذف الكل"
"Clear All Data","مسح جميع البيانات"
"Clear Cache","مسح الذاكرة المؤقتة"
"Clear Cache?","مسح الذاكرة المؤقتة؟"
"Clear Cart","إفراغ السلة"
"Clear Cart?","إفراغ السلة؟"
"Clear all","مسح الكل"
"Clear all items","مسح جميع المنتجات"
"Clear all payments","حذف كافة المدفوعات"
"Clear search","مسح البحث"
"Clear selection","مسح الاختيار"
"Clearing Cache...","جاري مسح الذاكرة..."
"Clearing...","جاري المسح..."
"Click to change unit","انقر لتغيير الوحدة"
"Click to edit serials","انقر لتعديل الأرقام التسلسلية"
"Click to view availability in other warehouses","انقر لعرض التوفر في باقي المستودعات"
"Close","إغلاق"
"Close & Open New","إغلاق وفتح جديد"
"Close (shows again next session)","إغلاق (يظهر مجدداً في الجلسة القادمة)"
"Close POS Shift","إغلاق وردية نقطة البيع"
"Close Shift","إغلاق الوردية"
"Close Shift & Sign Out","إغلاق الوردية والخروج"
"Close current shift","إغلاق الوردية الحالية"
"Close dialog","إغلاق"
"Close your shift first to save all transactions properly","يجب إغلاق الوردية أولاً لضمان ترحيل كافة العمليات بشكل صحيح."
"Closing Amount","نقدية الإغلاق"
"Closing Shift...","جاري إغلاق الوردية..."
"Code","الرمز"
"Code is case-insensitive","الرمز غير حساس لحالة الأحرف"
"Collapse","طي"
"Collapse Bundle","طي الحزمة"
"Commission: {0}%","العمولة: {0}%"
"Compact Mode","الوضع المضغوط"
"Company","شركة"
"Complete","مكتمل"
"Complete Payment","إتمام الدفع"
"Complete Sale","إتمام البيع"
"Complete Sales Order","إتمام الطلب"
"Completed","مكتمل"
"Configure pricing, discounts, and sales operations","إعدادات التسعير والخصومات وعمليات البيع"
"Configure warehouse and inventory settings","إعدادات المستودع والمخزون"
"Confirm","تأكيد"
"Confirm Action","تأكيد الإجراء"
"Confirm Clear Cache","تأكيد مسح الذاكرة المؤقتة"
"Confirm Delete","تأكيد الحذف"
"Confirm Password","تأكيد كلمة المرور"
"Confirm Sign Out","تأكيد الخروج"
"Connect to the internet to load invoices","يجب الاتصال بالإنترنت لعرض الفواتير"
"Connect to the internet to sync expenses.","اتصل بالإنترنت لمزامنة المصروفات."
"Connected","متصل"
"Connection Error","خطأ في الاتصال"
"Contact Us","اتصل بنا"
"Continue Anyway","المتابعة رغم ذلك"
"Continue Shopping","متابعة التسوق"
"Copy","نسخ"
"Copy Link","نسخ الرابط"
"Count & enter","عد وأدخل"
"Country","الدولة"
"Coupon","الكوبون"
"Coupon Applied","تم تطبيق الكوبون"
"Coupon Applied Successfully!","تم تطبيق الكوبون بنجاح!"
"Coupon Code","كود الخصم"
"Coupon Details","تفاصيل الكوبون"
"Coupon Name","اسم الكوبون"
"Coupon Status & Info","حالة الكوبون والمعلومات"
"Coupon Type","نوع الكوبون"
"Coupon created successfully","تم إنشاء الكوبون بنجاح"
"Coupon deleted successfully","تم حذف الكوبون بنجاح"
"Coupon status updated successfully","تم تحديث حالة الكوبون بنجاح"
"Coupon updated successfully","تم تحديث الكوبون بنجاح"
"Coupons","الكوبونات"
"Create","إنشاء"
"Create Customer","عميل جديد"
"Create Journal Entries","إنشاء القيود المحاسبية"
"Create New Coupon","إنشاء كوبون جديد"
"Create New Customer","إنشاء عميل جديد"
"Create New Promotion","إنشاء عرض جديد"
"Create Report","إنشاء تقرير"
"Create Report ({0})","إنشاء تقرير ({0})"
"Create Return","إنشاء الإرجاع"
"Create Return Invoice","إنشاء فاتورة إرجاع"
"Create new customer","إنشاء عميل جديد"
"Create new customer: {0}","إنشاء عميل جديد: {0}"
"Create permission required","إذن الإنشاء مطلوب"
"Create reports from your draft expenses.","أنشئ تقارير من مصروفاتك المسودة."
"Create your first customer to get started","قم بإنشاء أول عميل للبدء"
"Create your first expense to get started.","أنشئ أول مصروف لك للبدء."
"Created On","تاريخ الإنشاء"
"Creating Expense Report...","جارٍ إنشاء تقرير المصروفات..."
"Creating Journal Entry...","جارٍ إنشاء القيد المحاسبي..."
"Creating reports requires an internet connection","إنشاء التقارير يتطلب اتصالاً بالإنترنت"
"Creating return for invoice {0}","جاري إنشاء مرتجع للفاتورة {0}"
"Credit Adjustment:","تسوية الرصيد:"
"Credit Balance","الرصيد الدائن"
"Credit Exceeded","تجاوز حد الائتمان"
"Credit Limit","حد الائتمان"
"Credit Note Issued","إشعار دائن"
"Credit Sale","بيع آجل"
"Credit Sale Return","مرتجع مبيعات آجلة"
"Credit Used","الرصيد المستخدم"
"Credit can be applied to invoice","يمكن استخدام الرصيد لسداد الفاتورة"
"Current Discount:","الخصم الحالي:"
"Current Status","الحالة الحالية"
"Current Time","الوقت الحالي"
"Custom","مخصص"
"Custom Amount","مبلغ مخصص"
"Custom Price","سعر مخصص"
"Custom Range","فترة مخصصة"
"Custom amount","مبلغ مخصص"
"Customer","العميل"
"Customer Account","حساب العميل"
"Customer Credit","رصيد العميل"
"Customer Credit Available","رصيد العميل المتاح"
"Customer Credit:","رصيد العميل:"
"Customer Error","خطأ في العميل"
"Customer Group","مجموعة العملاء"
"Customer ID or Name","رقم العميل أو الاسم"
"Customer Name","اسم العميل"
"Customer Name is required","اسم العميل مطلوب"
"Customer {0} created successfully","تم إنشاء العميل {0} بنجاح"
"Customer:","العميل:"
"Customer: {0}","العميل: {0}"
"Dashboard","لوحة التحكم"
"Data is ready for offline use","البيانات جاهزة للعمل دون اتصال"
"Date","التاريخ"
"Date & Time","التاريخ والوقت"
"Date:","التاريخ:"
"Day","يوم"
"Days","أيام"
"Days Since Purchase","المدة منذ الشراء"
"Decrease quantity","تقليل الكمية"
"Default","افتراضي"
"Default Printer","الطابعة الافتراضية"
"Delete","حذف"
"Delete ""{0}""?","حذف ""{0}""؟"
"Delete Coupon","حذف الكوبون"
"Delete Invoice","حذف الفاتورة"
"Delete Promotion","حذف العرض"
"Delete draft","حذف المسودة"
"Delivery Date","موعد التسليم"
"Descending","تنازلي"
"Description","الوصف"
"Deselect All","إلغاء التحديد"
"Difference","العجز / الزيادة"
"Direct Submission Not Allowed","التقديم المباشر غير مسموح"
"Disable Rounded Total","تعطيل التقريب"
"Disable auto-add","تعطيل الإضافة التلقائية"
"Disable barcode scanner","تعطيل ماسح الباركود"
"Disabled","معطّل"
"Disabled Only","المعطلة فقط"
"Disconnected","غير متصل"
"Discount","خصم"
"Discount (%)","الخصم (%)"
"Discount Amount","قيمة الخصم"
"Discount Applied","تم تطبيق الخصم"
"Discount Configuration","إعدادات الخصم"
"Discount Details","تفاصيل الخصم"
"Discount Type","نوع الخصم"
"Discount has been removed","تمت إزالة الخصم"
"Discount has been removed from cart","تم إلغاء الخصم"
"Discount settings changed. Cart recalculated.","تغيرت إعدادات الخصم. تمت إعادة حساب السلة."
"Discount:","الخصم:"
"Dismiss","إغلاق"
"Documentation","دليل الاستخدام"
"Done","تم"
"Download","تنزيل"
"Download PDF","تنزيل PDF"
"Download Receipt","تحميل الإيصال"
"Draft","مسودة"
"Draft ({0})","مسودة ({0})"
"Draft Invoices","مسودات"
"Draft invoice deleted","تم حذف مسودة الفاتورة"
"Draft invoice loaded successfully","تم تحميل مسودة الفاتورة بنجاح"
"Drafts","المسودات"
"Duplicate","تكرار"
"Duplicate Entry","إدخال مكرر"
"Duplicate Journal Entry","قيد محاسبي مكرر"
"Duration","المدة"
"ENTER-CODE-HERE","أدخل-الرمز-هنا"
"Edit","تعديل"
"Edit Details","تعديل البيانات"
"Edit Expense","تعديل المصروف"
"Edit Invoice","تعديل الفاتورة"
"Edit Item Details","تعديل تفاصيل المنتج"
"Edit Promotion","تعديل العرض"
"Edit item quantity, UOM, warehouse, and discount","تعديل الكمية ووحدة القياس والمستودع والخصم"
"Edit serials","تعديل الأرقام التسلسلية"
"Email","البريد الإلكتروني"
"Email Invoice","إرسال الفاتورة"
"Email Receipt","إرسال الإيصال بالبريد"
"Employee","موظف"
"Employee (to reimburse)","موظف (للتعويض)"
"Employee Name","اسم الموظف"
"Empty","فارغ"
"Enable","تفعيل"
"Enable Automatic Stock Sync","تمكين مزامنة المخزون التلقائية"
"Enable auto-add","تفعيل الإضافة التلقائية"
"Enable barcode scanner","تفعيل ماسح الباركود"
"Enable invoice-level discount","تفعيل خصم على مستوى الفاتورة"
"Enable item-level discount in edit dialog","تفعيل خصم على مستوى المنتج في نافذة التعديل"
"Enable partial payment for invoices","تفعيل الدفع الجزئي للفواتير"
"Enable product returns","تفعيل إرجاع المنتجات"
"Enable sales on credit","تفعيل البيع بالآجل"
"Enable selling items even when stock reaches zero or below. Integrates with Back Office stock settings.","تمكين بيع المنتجات حتى عندما يصل المخزون إلى الصفر أو أقل. يتكامل مع إعدادات المخزون في لوحة التحكم."
"Enabled","مفعّل"
"End Date","تاريخ الانتهاء"
"Enter","إدخال"
"Enter Quantity","أدخل الكمية"
"Enter actual amount for {0}","أدخل المبلغ الفعلي لـ {0}"
"Enter amount","أدخل المبلغ"
"Enter amount...","أدخل المبلغ..."
"Enter customer name","أدخل اسم العميل"
"Enter email address","أدخل البريد الإلكتروني"
"Enter phone number","أدخل رقم الهاتف"
"Enter reason for return (e.g., defective product, wrong item, customer request)...","أدخل سبب الإرجاع (مثل: منتج معيب، منتج خاطئ، طلب العميل)..."
"Enter serial numbers...","أدخل الأرقام التسلسلية..."
"Enter your password","أدخل كلمة المرور"
"Enter your promotional or gift card code below","أدخل رمز العرض الترويجي أو بطاقة الهدايا أدناه"
"Enter your username or email","أدخل اسم المستخدم أو البريد الإلكتروني"
"Entire Transaction","المعاملة بالكامل"
"Error","خطأ"
"Error Closing Shift","خطأ في إغلاق الوردية"
"Error Report - POS Next","تقرير الخطأ - POS Next"
"Error creating journal entries: {0}","خطأ في إنشاء القيود المحاسبية: {0}"
"Esc","خروج"
"Exact amount only","الدفع بالمبلغ المحدد فقط"
"Exception: {0}","استثناء: {0}"
"Exchange","استبدال"
"Exchanges","عمليات الاستبدال"
"Exhausted","مستنفد"
"Existing Shift Found","تم العثور على وردية موجودة"
"Exit Full Screen","إنهاء ملء الشاشة"
"Exp: {0}","تنتهي: {0}"
"Expand","توسيع"
"Expand Bundle","توسيع الحزمة"
"Expected","المتوقع"
"Expected Amount","المبلغ المتوقع"
"Expected: <span class=""font-medium"">{0}</span>","المتوقع: <span class=""font-medium"">{0}</span>"
"Expense","مصروف"
"Expense Already Submitted","المصروف مُقدَّم بالفعل"
"Expense Already in Report","المصروف موجود في تقرير بالفعل"
"Expense Category","فئة المصروفات"
"Expense Date","تاريخ المصروف"
"Expense Description","وصف المصروف"
"Expense Management","إدارة المصروفات"
"Expense Report","تقرير المصروفات"
"Expense Report {0} not found","تقرير المصروفات {0} غير موجود"
"Expense Splitting","تقسيم المصروف"
"Expense Taxes","ضرائب المصروفات"
"Expense deleted","تم حذف المصروف"
"Expense not found","المصروف غير موجود"
"Expense report created","تم إنشاء تقرير المصروفات"
"Expense saved","تم حفظ المصروف"
"Expense saved offline — will sync when online","تم حفظ المصروف بدون اتصال — ستتم المزامنة عند الاتصال"
"Expense {0} has already been submitted and cannot be added to a new report.","المصروف {0} تم تقديمه بالفعل ولا يمكن إضافته إلى تقرير جديد."
"Expense {0} is already linked to Expense Report {1}.","المصروف {0} مرتبط بالفعل بتقرير المصروفات {1}."
"Expenses","المصروفات"
"Expenses must be submitted via an Expense Report. Use the ""Create Report"" button to submit this expense.","يجب تقديم المصروفات عبر تقرير المصروفات. استخدم زر ""إنشاء تقرير"" لتقديم هذا المصروف."
"Expenses will sync when you reconnect.","سيتم مزامنة المصروفات عند إعادة الاتصال."
"Expired","منتهي الصلاحية"
"Expired Only","المنتهية فقط"
"Export","تحميل ملف"
"Export Data","تصدير البيانات"
"Extend Reservation","تمديد الحجز"
"Failed to Load Shift Data","فشل في تحميل بيانات الوردية"
"Failed to Send","فشل الإرسال"
"Failed to add payment","فشل في إضافة الدفعة"
"Failed to apply action","فشل تطبيق الإجراء"
"Failed to apply coupon. Please try again.","فشل في تطبيق الكوبون. يرجى المحاولة مرة أخرى."
"Failed to apply offer. Please try again.","فشل تطبيق العرض. حاول مجدداً."
"Failed to check invoice","حدث خطأ أثناء فحص الفاتورة"
"Failed to clear cache. Please try again.","فشل مسح الذاكرة المؤقتة."
"Failed to create coupon","فشل في إنشاء الكوبون"
"Failed to create customer","فشل في إنشاء العميل"
"Failed to create journal entry. Check error logs for details.","فشل إنشاء القيد المحاسبي. تحقق من سجلات الأخطاء للتفاصيل."
"Failed to create promotion","فشل في إنشاء العرض"
"Failed to create report","فشل إنشاء التقرير"
"Failed to create return invoice","فشل في إنشاء فاتورة الإرجاع"
"Failed to delete coupon","فشل في حذف الكوبون"
"Failed to delete draft invoice","فشل حذف مسودة الفاتورة"
"Failed to delete expense","فشل حذف المصروف"
"Failed to delete offline invoice","فشل حذف الفاتورة"
"Failed to delete promotion","فشل في حذف العرض"
"Failed to load brands","فشل في تحميل العلامات التجارية"
"Failed to load coupon details","فشل في تحميل تفاصيل الكوبون"
"Failed to load coupons","فشل في تحميل الكوبونات"
"Failed to load draft","فشل في تحميل المسودة"
"Failed to load invoice details","فشل في تحميل تفاصيل الفاتورة"
"Failed to load invoices","فشل في تحميل الفواتير"
"Failed to load item groups","فشل في تحميل مجموعات المنتجات"
"Failed to load partial payments","فشل في تحميل الدفعات الجزئية"
"Failed to load promotion details","فشل في تحميل تفاصيل العرض"
"Failed to load recent invoices","فشل في تحميل الفواتير الأخيرة"
"Failed to load settings","فشل في تحميل الإعدادات"
"Failed to load unpaid invoices","فشل في تحميل الفواتير غير المدفوعة"
"Failed to load warehouse availability","تعذر تحميل بيانات التوفر"
"Failed to process selection. Please try again.","فشل الاختيار. يرجى المحاولة مرة أخرى."
"Failed to save draft","فشل في حفظ المسودة"
"Failed to save expense","فشل حفظ المصروف"
"Failed to save settings","فشل في حفظ الإعدادات"
"Failed to toggle coupon status","فشل في تبديل حالة الكوبون"
"Failed to update UOM. Please try again.","فشل تغيير وحدة القياس."
"Failed to update cart after removing offer.","فشل تحديث السلة بعد حذف العرض."
"Failed to update coupon","فشل في تحديث الكوبون"
"Failed to update item. Please try again.","فشل تحديث الصنف."
"Failed to update promotion","فشل في تحديث العرض"
"Failed to update promotion status","فشل في تحديث حالة العرض"
"Failed to upload {0}: {1}","فشل رفع {0}: {1}"
"Faster access and offline support","وصول أسرع ودعم بدون اتصال"
"Feedback","ملاحظات"
"File Too Large","حجم الملف كبير جداً"
"File type "".{0}"" is not allowed. Allowed types: {1}","نوع الملف "".{0}"" غير مسموح. الأنواع المسموحة: {1}"
"File type .{0} is not allowed. Allowed: {1}","نوع الملف .{0} غير مسموح. المسموح: {1}"
"File {0} exceeds {1}MB limit","الملف {0} يتجاوز حد {1} ميجابايت"
"Fill in the details to create a new coupon","أملأ التفاصيل لإنشاء كوبون جديد"
"Fill in the details to create a new promotional scheme","أملأ التفاصيل لإنشاء مخطط ترويجي جديد"
"Filter","تصفية"
"Filter by Date","تصفية حسب التاريخ"
"Filter by Status","تصفية حسب الحالة"
"Final Amount","المبلغ النهائي"
"Finance","المالية"
"Finish","إنهاء"
"First","الأول"
"Fixed Amount","مبلغ ثابت"
"Forgot Password?","نسيت كلمة المرور؟"
"Free Item","منتج مجاني"
"Free Items Added","تمت إضافة أصناف مجانية"
"Free Quantity","الكمية المجانية"
"Frequent Customers","العملاء المتكررون"
"From","من"
"From Date","من تاريخ"
"From {0}","من {0}"
"Full Mode","الوضع الكامل"
"Full Screen","ملء الشاشة"
"Fully Paid","مدفوع بالكامل"
"Gallery","الصور"
"General","عام"
"Generate","توليد"
"Gift","هدية"
"Gift Card","بطاقة هدايا"
"Go to first page","الذهاب للصفحة الأولى"
"Go to last page","الذهاب للصفحة الأخيرة"
"Go to next page","الذهاب للصفحة التالية"
"Go to page {0}","الذهاب للصفحة {0}"
"Go to previous page","الذهاب للصفحة السابقة"
"Grand Total","المجموع الكلي"
"Grand Total:","المجموع الكلي:"
"Grid View","عرض شبكي"
"Gross Sales","إجمالي المبيعات الكلي"
"Hardware","الأجهزة"
"Have a coupon code?","هل لديك رمز كوبون؟"
"Help","مساعدة"
"Hide password","إخفاء كلمة المرور"
"Hold","تعليق"
"Hold Invoice","تعليق الفاتورة"
"Hold order as draft","تعليق الطلب كمسودة"
"Home","الرئيسية"
"Hour","ساعة"
"Hours","ساعات"
"How often to check server for stock updates (minimum 10 seconds)","كم مرة يتم فحص الخادم لتحديثات المخزون (الحد الأدنى 10 ثواني)"
"Hr","س"
"Image","صورة"
"Import","رفع ملف"
"In Stock","متوفر"
"Inactive","غير نشط"
"Include Barcode","تضمين الباركود"
"Include Logo","تضمين الشعار"
"Include QR Code","تضمين رمز QR"
"Increase quantity","زيادة الكمية"
"Individual","فرد"
"Information","معلومات"
"Install","تثبيت"
"Install POSNext","تثبيت POSNext"
"Insufficient Stock","الرصيد غير كافٍ"
"Insufficient stock for {0}","رصيد الصنف {0} غير كافٍ"
"Invalid Barcode","باركود غير صالح"
"Invalid File Type","نوع ملف غير صالح"
"Invalid JSON format","تنسيق JSON غير صالح"
"Invalid expense parameter","معامل مصروف غير صالح"
"Invalid quantity","الكمية غير صحيحة"
"Invalid report parameter","معامل تقرير غير صالح"
"Invalid selection parameter","معامل اختيار غير صالح"
"Invoice","فاتورة"
"Invoice #:","رقم الفاتورة:"
"Invoice - {0}","فاتورة - {0}"
"Invoice Attachments","مرفقات الفاتورة"
"Invoice Attachments ({0}/{1})","مرفقات الفاتورة ({0}/{1})"
"Invoice Created Successfully","تم إنشاء الفاتورة"
"Invoice Date","تاريخ الفاتورة"
"Invoice Details","تفاصيل الفاتورة"
"Invoice History","سجل الفواتير"
"Invoice ID: {0}","رقم الفاتورة: {0}"
"Invoice Management","إدارة الفواتير"
"Invoice Number","رقم الفاتورة"
"Invoice Summary","ملخص الفاتورة"
"Invoice fully paid. No additional payment needed.","الفاتورة مدفوعة بالكامل. لا يلزم سداد إضافي."
"Invoice loaded to cart for editing","تم تحميل الفاتورة للسلة للتعديل"
"Invoice must be submitted to create a return","يجب اعتماد الفاتورة لإنشاء إرجاع"
"Invoice not found","لم يتم العثور على الفاتورة"
"Invoice saved as draft successfully","تم حفظ الفاتورة كمسودة بنجاح"
"Invoice saved offline. Will sync when online","حُفظت الفاتورة محلياً (بدون اتصال). ستتم المزامنة لاحقاً."
"Invoice {0} created and sent to printer","تم إنشاء الفاتورة {0} وإرسالها للطابعة"
"Invoice {0} created but print failed","تم إنشاء الفاتورة {0} لكن فشلت الطباعة"
"Invoice {0} created successfully","تم إنشاء الفاتورة {0} بنجاح"
"Invoice {0} created successfully!","تم إنشاء الفاتورة {0} بنجاح!"
"Invoice {0} does not exist","لم يتم العثور على الفاتورة {0}"
"Invoices","الفواتير"
"Item","الصنف"
"Item Code","رمز الصنف"
"Item Discount","خصم المنتج"
"Item Group","مجموعة الأصناف"
"Item Groups","مجموعات المنتجات"
"Item Not Found: No item found with barcode: {0}","المنتج غير موجود: لم يتم العثور على منتج بالباركود: {0}"
"Item Scanned","تم مسح الصنف"
"Item added to cart","تمت الإضافة للسلة"
"Item removed from cart","تم الحذف من السلة"
"Item: {0}","الصنف: {0}"
"Items","الأصناف"
"Items Sold","المنتجات المباعة"
"Items to Return:","المنتجات للإرجاع:"
"Items:","عدد الأصناف:"
"Journal Entry {0} already exists for this Expense Report.","القيد المحاسبي {0} موجود بالفعل لتقرير المصروفات هذا."
"Journal Entry {0} created successfully.","تم إنشاء القيد المحاسبي {0} بنجاح."
"Just now","الآن"
"Keyboard Shortcuts","اختصارات لوحة المفاتيح"
"Language","اللغة"
"Last","الأخير"
"Last 30 Days","آخر 30 يوم"
"Last 7 Days","آخر 7 أيام"
"Last Modified","آخر تعديل"
"Last Month","الشهر الماضي"
"Last Sync","آخر مزامنة"
"Last Sync:","آخر مزامنة:"
"Last Week","الأسبوع الماضي"
"Last Year","العام الماضي"
"Less","أقل"
"License","الترخيص"
"Link Copied","تم نسخ الرابط"
"List View","عرض قائمة"
"Load More","تحميل المزيد"
"Load more ({0} remaining)","تحميل المزيد ({0} متبقي)"
"Loading customers for offline use...","تجهيز بيانات العملاء للعمل دون اتصال..."
"Loading customers...","جاري تحميل العملاء..."
"Loading data...","جاري تحميل البيانات..."
"Loading expenses...","جارٍ تحميل المصروفات..."
"Loading invoice details...","جاري تحميل تفاصيل الفاتورة..."
"Loading invoices...","جاري تحميل الفواتير..."
"Loading items...","جاري تحميل المنتجات..."
"Loading more items...","جاري تحميل المزيد من المنتجات..."
"Loading offers...","جاري تحميل العروض..."
"Loading options...","جاري تحميل الخيارات..."
"Loading reports...","جارٍ تحميل التقارير..."
"Loading sales persons...","جاري تحميل مندوبي المبيعات..."
"Loading serial numbers...","جاري تحميل الأرقام التسلسلية..."
"Loading settings...","جاري تحميل الإعدادات..."
"Loading shift data...","جاري تحميل بيانات الوردية..."
"Loading warehouses...","جاري تحميل المستودعات..."
"Loading...","جارٍ التحميل..."
"Login","تسجيل دخول"
"Login Failed","فشل تسجيل الدخول"
"Logout","تسجيل خروج"
"Looking for invoice in database","جاري البحث عن الفاتورة..."
"Low Stock","رصيد منخفض"
"Low Stock Warning","تحذير انخفاض المخزون"
"Loyalty Points","نقاط الولاء"
"Manage Invoices","إدارة الفواتير"
"Manage all your invoices in one place","إدارة جميع فواتيرك في مكان واحد"
"Manage invoices with pending payments","إدارة الفواتير ذات الدفعات المعلقة"
"Manage promotional schemes and coupons","إدارة مخططات العروض الترويجية والكوبونات"
"Manager","المدير"
"Manual Sync","مزامنة يدوية"
"Mark as Paid","تسجيل كمدفوع"
"Mark as Unpaid","تسجيل كغير مدفوع"
"Max","الحد الأعلى"
"Max Discount (%)","الحد الأقصى للخصم (%)"
"Maximum Amount ({0})","الحد الأقصى للمبلغ ({0})"
"Maximum Discount Amount","الحد الأقصى للخصم"
"Maximum Quantity","الحد الأقصى للكمية"
"Maximum Use","الحد الأقصى للاستخدام"
"Maximum allowed discount is {0}%","الحد الأقصى للخصم المسموح به هو {0}%"
"Maximum allowed discount is {0}% ({1} {2})","الحد الأقصى للخصم المسموح به هو {0}% ({1} {2})"
"Maximum attachments reached ({0} files).","تم الوصول للحد الأقصى من المرفقات ({0} ملفات)."
"Maximum cart value exceeded ({0})","تجاوزت السلة الحد الأقصى للقيمة ({0})"
"Maximum discount per item","الحد الأقصى للخصم لكل منتج"
"Maximum length is {0} characters","الحد الأقصى {0} حروف"
"Maximum {0} attachments allowed","الحد الأقصى {0} مرفقات مسموح بها"
"Maximum {0} attachments allowed per expense.","الحد الأقصى {0} مرفقات مسموح بها لكل مصروف."
"Maximum {0} attachments allowed per expense. You have {1}.","الحد الأقصى {0} مرفقات مسموح بها لكل مصروف. لديك {1}."
"Maximum {0} attachments allowed. You have {1}.","الحد الأقصى {0} مرفقات مسموح بها. لديك {1}."
"Maximum {0} items allowed for this offer","الحد الأقصى المسموح به لهذا العرض {0} أصناف"
"Message: {0}","الرسالة: {0}"
"Min","د"
"Min Purchase","الحد الأدنى للشراء"
"Min Quantity","الحد الأدنى للكمية"
"Minimum Amount ({0})","الحد الأدنى للمبلغ ({0})"
"Minimum Cart Amount","الحد الأدنى لقيمة السلة"
"Minimum Quantity","الحد الأدنى للكمية"
"Minimum cart value of {0} required","الحد الأدنى المطلوب لقيمة السلة هو {0}"
"Minimum length is {0} characters","الحد الأدنى {0} حروف"
"Minute","دقيقة"
"Minutes","دقائق"
"Missing Paying Account","حساب الدفع مفقود"
"Missing Tax Account","حساب الضريبة مفقود"
"Mixed payment (cash + non-cash) must equal exact invoice amount. No overpayment allowed.","يجب أن يطابق الدفع المختلط قيمة الفاتورة تماماً. غير مسموح بزيادة المبلغ."
"Mixed payment cannot exceed invoice total. Limit: {0}","غير مسموح بتجاوز قيمة الفاتورة في الدفع المختلط. الحد الأقصى: {0}"
"Mobile","الجوال"
"Mobile Number","رقم الهاتف"
"Month","شهر"
"Months","أشهر"
"More","المزيد"
"Move","نقل"
"Multiple Items Found: {0} items match barcode. Please refine search.","تم العثور على منتجات متعددة: {0} منتج يطابق الباركود. يرجى تحسين البحث."
"Multiple Items Found: {0} items match. Please select one.","تم العثور على منتجات متعددة: {0} منتج. يرجى اختيار واحد."
"Multiple Results","نتائج متعددة"
"My Expenses","مصروفاتي"
"My Gift Cards ({0})","بطاقات الهدايا الخاصة بي ({0})"
"My Reports","تقاريري"
"N/A","غير متوفر"
"Name","الاسم"
"Naming Series Error","خطأ في سلسلة التسمية"
"Navigate","التنقل"
"Negative Stock","مخزون بالسالب"
"Negative stock sales are now allowed","البيع بالسالب مسموح الآن"
"Negative stock sales are now restricted","البيع بالسالب غير مسموح"
"Net Amount","صافي المبلغ"
"Net Sales","صافي المبيعات"
"Net Total","صافي الإجمالي"
"Net Total:","الإجمالي الصافي:"
"Net Variance","صافي الفرق"
"Net tax","صافي الضريبة"
"Network Usage:","استخدام الشبكة:"
"Network connection error","لا يوجد اتصال بالشبكة"
"Never","أبداً"
"New Expense","مصروف جديد"
"New Password","كلمة المرور الجديدة"
"New Price","السعر الجديد"
"New Sale","عملية بيع جديدة"
"New Transaction","معاملة جديدة"
"Next","التالي"
"No","لا"
"No Active Shift","لا توجد وردية مفتوحة"
"No Employee Record Found","لم يتم العثور على سجل موظف"
"No Expense Reports","لا توجد تقارير مصروفات"
"No Expenses","لا توجد مصروفات"
"No Options Available","لا توجد خيارات متاحة"
"No Outstanding","لا مستحقات"
"No POS Profile Selected","لم يتم اختيار ملف نقطة البيع"
"No POS Profiles available. Please contact your administrator.","لا توجد ملفات نقطة بيع متاحة. يرجى التواصل مع المسؤول."
"No Partial Payments","لا توجد دفعات جزئية"
"No Sales During This Shift","لا مبيعات خلال هذه الوردية"
"No Sorting","بدون ترتيب"
"No Stock Available","لا يوجد مخزون متاح"
"No Unpaid Invoices","لا توجد فواتير غير مدفوعة"
"No Variants Available","لا توجد أنواع متاحة"
"No active Employee record found for user {0}","لم يتم العثور على سجل موظف نشط للمستخدم {0}"
"No active Employee record found.","لم يتم العثور على سجل موظف نشط."
"No additional units of measurement configured for this item.","لم يتم تكوين وحدات قياس إضافية لهذا الصنف."
"No attachments found.","لم يتم العثور على مرفقات."
"No connection","لا يوجد اتصال بالشبكة"
"No countries found","لم يتم العثور على دول"
"No coupons found","لم يتم العثور على كوبونات"
"No customers available","لا يوجد عملاء متاحين"
"No data available","لا توجد بيانات"
"No draft invoices","لا توجد مسودات فواتير"
"No expenses selected","لم يتم اختيار أي مصروفات"
"No expiry","بدون انتهاء"
"No invoices found","لم يتم العثور على فواتير"
"No invoices were created. Closing amounts should match opening amounts.","لم يتم إنشاء فواتير. يجب أن تتطابق مبالغ الإغلاق مع مبالغ الافتتاح."
"No items","لا توجد أصناف"
"No items available","لا توجد منتجات متاحة"
"No items available for return","لا توجد منتجات متاحة للإرجاع"
"No items found","لم يتم العثور على منتجات"
"No items found for ""{0}""","لم يتم العثور على نتائج لـ ""{0}"""
"No more invoices","لا مزيد من الفواتير"
"No offers available","لا توجد عروض متاحة"
"No options available","لا توجد خيارات متاحة"
"No outstanding balance","لا توجد مديونية"
"No payment methods available","طرق الدفع غير متاحة"
"No payment methods configured for this POS Profile","لم يتم تكوين طرق دفع لملف نقطة البيع هذا"
"No pending expenses to sync.","لا توجد مصروفات معلقة للمزامنة."
"No pending invoices to sync","لا توجد فواتير معلقة للمزامنة"
"No pending offline invoices","لا توجد فواتير معلقة غير متصلة"
"No promotions found","لم يتم العثور على عروض"
"No recent activity","لا يوجد نشاط حديث"
"No redeemable points available","لا تتوفر نقاط للاستبدال"
"No results for ""{0}""","لا توجد نتائج لـ ""{0}"""
"No results for {0}","لا توجد نتائج لـ {0}"
"No results for {0} in {1}","لا توجد نتائج لـ {0} في {1}"
"No results found","لا توجد نتائج"
"No results in {0}","لا توجد نتائج في {0}"
"No return invoices","لا توجد فواتير إرجاع"
"No sales","لا مبيعات"
"No sales persons available","قائمة المندوبين فارغة"
"No sales persons found","لم يتم العثور على مندوبي مبيعات"
"No serial numbers available","لا توجد أرقام تسلسلية متاحة"
"No serial numbers match your search","لا توجد أرقام تسلسلية تطابق بحثك"
"No stock available","الكمية نفدت"
"Non-cash payment capped to remaining amount: {0}","الحد الأقصى للدفع غير النقدي هو المتبقي: {0}"
"Non-cash payment must equal exact invoice amount. No overpayment allowed.","يجب أن يطابق الدفع غير النقدي قيمة الفاتورة. الزيادة غير مسموحة."
"Non-cash payment must equal {0} exactly","يجب أن يطابق الدفع غير النقدي {0} تماماً"
"None","لا شيء"
"Nos","قطعة"
"Not Found","غير موجود"
"Not Started","لم تبدأ بعد"
"Not Synced","غير متزامن"
"Not enough stock available in the warehouse.\n\nPlease reduce the quantity or check stock availability.","لا يوجد مخزون كافٍ في المستودع.\n\nيرجى تقليل الكمية أو التحقق من توفر المخزون."
"Notes","ملاحظات"
"Notifications","الإشعارات"
"OK","حسناً"
"Offer Applied","تم تطبيق العرض"
"Offer applied: {0}","تم تطبيق العرض: {0}"
"Offer has been removed from cart","تم حذف العرض من السلة"
"Offer removed: {0}. Cart no longer meets requirements.","تم إزالة العرض: {0}. السلة لم تعد تستوفي المتطلبات."
"Offers","العروض"
"Offers are applied automatically when your cart meets the requirements","يتم تطبيق العروض تلقائياً عندما تستوفي سلتك المتطلبات"
"Offline","غير متصل"
"Offline ({0} pending)","غير متصل ({0} معلقة)"
"Offline Invoices","فواتير غير مرحلة"
"Offline Mode","دون اتصال بالإنترنت"
"Offline invoice deleted successfully","تم حذف الفاتورة (غير المرحلة) بنجاح"
"Offline mode active","أنت تعمل في وضع ""عدم الاتصال"""
"Old Password","كلمة المرور الحالية"
"On Account","بالآجل"
"Online","متصل"
"Online - Click to sync","متصل - اضغط للمزامنة"
"Online mode active","تم الاتصال بالإنترنت"
"Only One Use Per Customer","استخدام واحد فقط لكل عميل"
"Only draft expenses can be deleted.","يمكن حذف المصروفات المسودة فقط."
"Only draft expenses can be edited.","يمكن تعديل المصروفات المسودة فقط."
"Only one unit available","وحدة واحدة متاحة فقط"
"Only {0} left in stock","متبقي {0} فقط في المخزون"
"Only {0} units of ""{1}"" available in ""{2}"". Current quantity: {3}","فقط {0} وحدات من ""{1}"" متوفرة في ""{2}"". الكمية الحالية: {3}"
"Open POS Shift","فتح وردية نقطة البيع"
"Open Shift","فتح وردية"
"Open in New Tab","فتح في تبويب جديد"
"Opening","الافتتاح"
"Opening Amount","عهدة الفتح"
"Opening Balance (Optional)","الرصيد الافتتاحي (اختياري)"
"Optional cap in {0}","الحد الأقصى الاختياري بـ {0}"
"Optional minimum in {0}","الحد الأدنى الاختياري بـ {0}"
"Or enter serial numbers manually (one per line)","أو أدخل الأرقام التسلسلية يدوياً (واحد لكل سطر)"
"Order","طلب"
"Orders","الطلبات"
"Original Price","السعر الأصلي"
"Other Sales","مبيعات أخرى"
"Out of Stock","نفدت الكمية"
"Outstanding","المستحقات"
"Outstanding Balance","مديونية العميل"
"Outstanding Payments","المدفوعات المستحقة"
"Outstanding:","المستحق:"
"Over {0}","فائض {0}"
"Overdue","مستحق / متأخر"
"Overdue ({0})","متأخر السداد ({0})"
"Overpayment","مبلغ زائد"
"PARTIAL PAYMENT","سداد جزئي"
"POS Next","POS Next"
"POS Profile","ملف نقطة البيع"
"POS Profile not found","لم يتم العثور على ملف نقطة البيع"
"POS Profile: {0}","ملف نقطة البيع: {0}"
"POS Settings","إعدادات نقطة البيع"
"POS is offline without cached data. Please connect to sync.","النظام غير متصل ولا توجد بيانات محفوظة. يرجى الاتصال بالإنترنت."
"PRICING RULE","قاعدة تسعير"
"PROMO SCHEME","مخطط ترويجي"
"Page","صفحة"
"Paid","مدفوع"
"Paid Amount","المبلغ المدفوع"
"Paid Amount:","المبلغ المدفوع:"
"Paid By","مدفوع بواسطة"
"Paid by","مدفوع بواسطة"
"Paid in Full","خالص / مدفوع بالكامل"
"Paid: {0}","المدفوع: {0}"
"Paper Size","حجم الورق"
"Partial","جزئي"
"Partial Payment","سداد جزئي"
"Partial Payments","الدفعات الجزئية"
"Partially Paid","مدفوع جزئياً"
"Partially Paid ({0})","مدفوع جزئياً ({0})"
"Partially Paid Invoice","فاتورة مسددة جزئياً"
"Partly Paid","مدفوع جزئياً"
"Password","كلمة المرور"
"Pay","سداد"
"Pay Outstanding","دفع المستحقات"
"Pay on Account","الدفع بالآجل"
"Paying Account","حساب الدفع"
"Payment","دفعة"
"Payment Breakdown","تفاصيل الدفع"
"Payment Complete","اكتمل الدفع"
"Payment Error","خطأ في الدفع"
"Payment Failed","فشل الدفع"
"Payment History","سجل الدفعات"
"Payment Method","طريقة الدفع"
"Payment Methods","طرق الدفع"
"Payment Pending","الدفع معلق"
"Payment Received","تم استلام الدفعة"
"Payment Reconciliation","تسوية الدفعات"
"Payment Total:","إجمالي المدفوع:"
"Payment added successfully","تمت إضافة الدفعة بنجاح"
"Payment amount is correct","مبلغ السداد صحيح"
"Payment processing failed","فشلت عملية الدفع"
"Payments","المدفوعات"
"Payments cannot be added while offline","لا يمكن إضافة مدفوعات أثناء عدم الاتصال"
"Payments cannot be added while offline. Connect to the internet to add payments.","لا يمكن إضافة مدفوعات أثناء عدم الاتصال. اتصل بالإنترنت لإضافة المدفوعات."
"Payments:","الدفعات:"
"Pending","قيد الانتظار"
"Pending Sync","في انتظار المزامنة"
"Percentage","نسبة مئوية"
"Percentage (%)","نسبة مئوية (%)"
"Periodically sync stock quantities from server in the background (runs in Web Worker)","مزامنة كميات المخزون دورياً من الخادم في الخلفية (تعمل في Web Worker)"
"Permission Denied","تم رفض الإذن"
"Permission Required","إذن مطلوب"
"Phone","الهاتف"
"Please add items to cart before proceeding to payment","يرجى إضافة أصناف للسلة قبل الدفع"
"Please contact your manager if you need to process this return.","تتطلب العملية موافقة المدير. يرجى مراجعته."
"Please enter a coupon code","يرجى إدخال رمز الكوبون"
"Please enter a coupon name","يرجى إدخال اسم الكوبون"
"Please enter a promotion name","يرجى إدخال اسم العرض"
"Please enter a valid discount amount","يرجى إدخال مبلغ خصم صالح"
"Please enter a valid discount percentage (1-100)","يرجى إدخال نسبة خصم صالحة (1-100)"
"Please enter a valid email address","البريد الإلكتروني غير صحيح"
"Please enter a valid number","يرجى إدخال رقم صحيح"
"Please enter a valid phone number","رقم الهاتف غير صحيح"
"Please enter all closing amounts","يرجى إدخال جميع مبالغ الإغلاق"
"Please open a shift to start making sales","يرجى فتح وردية لبدء البيع"
"Please provide the paying account!","يرجى تحديد حساب الدفع!"
"Please select a POS Profile to configure settings","يرجى اختيار ملف نقطة البيع لتكوين الإعدادات"
"Please select a customer","يرجى اختيار العميل أولاً"
"Please select a customer before proceeding","يرجى اختيار العميل أولاً"
"Please select a customer for gift card","يرجى اختيار عميل لبطاقة الهدايا"
"Please select a discount type","يرجى اختيار نوع الخصم"
"Please select at least one expense from the list.","يرجى اختيار مصروف واحد على الأقل من القائمة."
"Please select at least one {0}","يرجى اختيار {0} واحد على الأقل"
"Please set the Paying Account before creating journal entries.","يرجى تعيين حساب الدفع قبل إنشاء القيود المحاسبية."
"Please wait while we clear your cached data","يرجى الانتظار، جاري مسح البيانات المؤقتة"
"Please wait.","يرجى الانتظار."
"Please wait...","يرجى الانتظار..."
"Points Balance","رصيد النقاط"
"Points Earned","النقاط المكتسبة"
"Points Redeemed","النقاط المستبدلة"
"Points Value","قيمة النقاط"
"Points applied: {0}. Please pay remaining {1} with {2}","تم خصم النقاط: {0}. يرجى سداد المتبقي {1} عبر {2}"
"Points to Redeem","نقاط للاستبدال"
"Postal Code","الرمز البريدي"
"Press Enter to search","اضغط Enter للبحث"
"Press Esc to close","اضغط Esc للإغلاق"
"Press F1 for help","اضغط F1 للمساعدة"
"Previous","السابق"
"Price","السعر"
"Price Changed","تم تغيير السعر"
"Prices are now tax-exclusive. This will apply to new items added to cart.","الأسعار الآن غير شاملة الضريبة (للأصناف الجديدة)."
"Prices are now tax-inclusive. This will apply to new items added to cart.","الأسعار الآن شاملة الضريبة (للأصناف الجديدة)."
"Pricing & Discounts","التسعير والخصومات"
"Pricing Error","خطأ في التسعير"
"Pricing Rule","قاعدة التسعير"
"Pricing Rules","قواعد التسعير"
"Print","طباعة"
"Print Copies","نسخ الطباعة"
"Print Invoice","طباعة الفاتورة"
"Print Options","خيارات الطباعة"
"Print Preview","معاينة الطباعة"
"Print Receipt","طباعة الإيصال"
"Print Report","طباعة التقرير"
"Print without confirmation","الطباعة بدون تأكيد"
"Printer Settings","إعدادات الطابعة"
"Privacy Policy","سياسة الخصوصية"
"Proceed to payment","المتابعة للدفع"
"Process Return","معالجة الإرجاع"
"Process return invoice","معالجة فاتورة الإرجاع"
"Processing","قيد التنفيذ"
"Processing entries...","جارٍ معالجة الإدخالات..."
"Processing...","جاري المعالجة..."
"Product","منتج"
"Products","منتجات"
"Profile","الملف الشخصي"
"Promo Schemes","المخططات الترويجية"
"Promotion ""{0}"" already exists. Please use a different name.","العرض ""{0}"" موجود بالفعل. يرجى استخدام اسم مختلف."
"Promotion & Coupon Management","إدارة العروض والكوبونات"
"Promotion Name","اسم العرض"
"Promotion created successfully","تم إنشاء العرض بنجاح"
"Promotion deleted successfully","تم حذف العرض بنجاح"
"Promotion saved successfully","تم حفظ العرض الترويجي بنجاح"
"Promotion status updated successfully","تم تحديث حالة العرض بنجاح"
"Promotion updated successfully","تم تحديث العرض بنجاح"
"Promotional","ترويجي"
"Promotional Scheme","المخطط الترويجي"
"Promotional Schemes","المخططات الترويجية"
"Promotions","العروض الترويجية"
"Purchase","شراء"
"Purchases","المشتريات"
"Qty","الكمية"
"Qty: {0}","الكمية: {0}"
"Quantity","الكمية"
"Quick Actions","إجراءات سريعة"
"Quick amounts for {0}","مبالغ سريعة لـ {0}"
"Rate","السعر"
"Rate Us","قيم التطبيق"
"Read-only: Edit in Back Office","للقراءة فقط: عدّل في لوحة التحكم"
"Ready","جاهز"
"Recall","استرجاع"
"Receipt","إيصال"
"Receipt Sent","تم إرسال الإيصال"
"Receipt Settings","إعدادات الإيصال"
"Receipts","إيصالات"
"Recent & Frequent","الأحدث والأكثر تكراراً"
"Recent Activity","النشاط الأخير"
"Redeem Points","استبدال النقاط"
"Referral Code","رمز الدعوة"
"Refresh","تحديث"
"Refresh Items","تحديث البيانات"
"Refresh items list","تحديث قائمة الأصناف"
"Refresh unavailable offline","التحديث غير متاح حالياً"
"Refreshing items...","جاري تحديث الأصناف..."
"Refreshing...","جاري التحديث..."
"Refund","استرداد"
"Refund Amount","المبلغ المسترد"
"Refund Amount:","مبلغ الاسترداد:"
"Refund Payment Methods","طرق استرداد الدفع"
"Refundable Amount:","المبلغ القابل للاسترداد:"
"Refunded","تم الاسترداد"
"Refunds","المبالغ المستردة"
"Register","تسجيل جديد"
"Rejected","مرفوض"
"Release Reservation","إلغاء الحجز"
"Reload","إعادة تحميل"
"Remaining","المتبقي"
"Remaining to Pay","المتبقي للدفع"
"Remarks","ملاحظات"
"Remember Me","تذكرني"
"Remove","حذف"
"Remove Offer","إزالة العرض"
"Remove Split","إزالة التقسيم"
"Remove all {0} items from cart?","إزالة جميع أصناف {0} من السلة؟"
"Remove customer","إزالة العميل"
"Remove item","إزالة المنتج"
"Remove serial","إزالة الرقم التسلسلي"
"Remove {0}","إزالة {0}"
"Rename","إعادة تسمية"
"Report","تقرير"
"Reports","التقارير"
"Request Approval","طلب الموافقة"
"Requested quantity ({0}) exceeds available stock ({1})","الكمية المطلوبة ({0}) تتجاوز المخزون المتاح ({1})"
"Required","مطلوب"
"Requires Approval","يتطلب موافقة"
"Reservation Expired","انتهت صلاحية الحجز"
"Reserve Stock","حجز مخزون"
"Reset Filter","إعادة تعيين الفلتر"
"Reset Password","إعادة تعيين كلمة المرور"
"Reset Settings","إعادة تعيين الإعدادات"
"Restore","استعادة"
"Restore Defaults","استعادة الافتراضيات"
"Resume Shift","استئناف الوردية"
"Retry","إعادة المحاولة"
"Return","مرتجع"
"Return Against:","إرجاع مقابل:"
"Return Allowed Within","صلاحية الإرجاع"
"Return Invoice","مرتجع فاتورة"
"Return Period Expired","انتهت مهلة الإرجاع"
"Return Qty:","كمية الإرجاع:"
"Return Reason","سبب الإرجاع"
"Return Reason &lt;span class=&quot;text-gray-400&quot;&gt;(optional)&lt;/span&gt;","سبب الإرجاع <span class=""text-gray-400"">(اختياري)</span>"
"Return Reason <span class=""text-gray-400"">(optional)</span>","سبب الإرجاع <span class=""text-gray-400"">(اختياري)</span>"
"Return Summary","ملخص الإرجاع"
"Return Value:","قيمة الإرجاع:"
"Return against {0}","إرجاع مقابل {0}"
"Return invoice {0} created successfully","تم إنشاء فاتورة المرتجع {0} بنجاح"
"Return invoices cannot be processed while offline. Please connect to the internet to search for invoices and create returns.","لا يمكن عمل مرتجع دون اتصال. اتصل بالإنترنت للمتابعة."
"Return invoices will appear here","ستظهر فواتير الإرجاع هنا"
"Return period has expired for invoice {0}. Invoice date: {1}, Days since: {2}, Allowed: {3} days","انتهت صلاحية الإرجاع للفاتورة {0}. التاريخ: {1}، مرّ عليها: {2}، المهلة: {3} يوم"
"Returns","المرتجعات"
"Revise","مراجعة"
"Rule","قاعدة"
"SKU","كود الصنف (SKU)"
"SMS Receipt","إرسال الإيصال SMS"
"Sale","بيع"
"Sales","المبيعات"
"Sales Controls","عناصر تحكم المبيعات"
"Sales Management","إدارة المبيعات"
"Sales Operations","عمليات البيع"
"Sales Person","مندوب المبيعات"
"Sales Persons","مندوبو المبيعات"
"Sales person is required","يرجى اختيار المندوب"
"Save","حفظ"
"Save Changes","حفظ التغييرات"
"Save invoices as drafts to continue later","احفظ الفواتير كمسودات للمتابعة لاحقاً"
"Save these filters as...","حفظ هذه الفلاتر كـ..."
"Saved Filters","الفلاتر المحفوظة"
"Saving...","جارٍ الحفظ..."
"Scan Complete","اكتمل المسح"
"Scan Failed","فشل المسح"
"Scanner ON - Enable Auto for automatic addition","الماسح مفعل - فعّل التلقائي للإضافة التلقائية"
"Scanning...","جاري المسح..."
"Scheme","مخطط"
"Search","بحث"
"Search Again","إعادة البحث"
"Search and select a customer for the transaction","البحث واختيار عميل للمعاملة"
"Search by email: {0}","بحث بالبريد: {0}"
"Search by invoice number or customer name...","البحث برقم الفاتورة أو اسم العميل..."
"Search by invoice number or customer...","البحث برقم الفاتورة أو العميل..."
"Search by invoice, customer, or mobile...","البحث بالفاتورة أو العميل أو الجوال..."
"Search by item code, name or scan barcode","البحث برمز المنتج أو الاسم أو مسح الباركود"
"Search by item name, code, or scan barcode","البحث بالاسم، الرمز، أو قراءة الباركود"
"Search by name or code...","البحث بالاسم أو الكود..."
"Search by phone: {0}","بحث بالهاتف: {0}"
"Search countries...","البحث عن الدول..."
"Search country or code...","البحث عن دولة أو رمز..."
"Search coupons...","البحث عن الكوبونات..."
"Search customer in cart","البحث عن العميل في السلة"
"Search customers","البحث عن العملاء"
"Search customers by name, mobile, or email...","البحث عن العملاء بالاسم أو الهاتف أو البريد..."
"Search for ""{0}""","البحث عن ""{0}"""
"Search for an item","البحث عن صنف"
"Search for item availability across all warehouses","التحقق من توفر الأصناف في كافة المستودعات"
"Search for items across warehouses","البحث عن الأصناف عبر المستودعات"
"Search in all invoices","بحث في كل الفواتير"
"Search invoices...","البحث عن الفواتير..."
"Search item... (min 2 characters)","البحث عن منتج... (حرفين كحد أدنى)"
"Search items","البحث عن منتجات"
"Search items by name or code...","البحث عن الأصناف بالاسم أو الكود..."
"Search items... (min 2 characters)","البحث عن منتجات... (حرفين كحد أدنى)"
"Search or add customer...","البحث أو إضافة عميل..."
"Search products...","البحث عن المنتجات..."
"Search promotions...","البحث عن العروض..."
"Search results","نتائج البحث"
"Search sales person...","بحث عن بائع..."
"Search serial numbers...","البحث عن الأرقام التسلسلية..."
"Search to add sales persons","ابحث لإضافة مندوبي مبيعات"
"Search unavailable offline","البحث غير متاح حالياً"
"Search...","بحث..."
"Searching database...","جاري البحث..."
"Searching from {0} cached items","البحث من {0} منتج مخزن"
"Searching...","جاري البحث..."
"Sec","ث"
"Second","ثانية"
"Seconds","ثوانٍ"
"Select All","تحديد الكل"
"Select Batch Number","اختر رقم الدفعة"
"Select Batch Numbers","اختر أرقام الدفعات"
"Select Brand","اختر العلامة التجارية"
"Select Category","اختر الفئة"
"Select Customer","اختيار عميل"
"Select Customer Group","اختر مجموعة العملاء"
"Select Invoice to Return","اختر الفاتورة للإرجاع"
"Select Item","اختر الصنف"
"Select Item Group","اختر مجموعة المنتجات"
"Select Item Variant","اختيار نوع الصنف"
"Select Items to Return","اختر المنتجات للإرجاع"
"Select Language","اختر اللغة"
"Select POS Profile","اختيار ملف نقطة البيع"
"Select Printer","اختر الطابعة"
"Select Serial Numbers","اختر الأرقام التسلسلية"
"Select Serial Numbers ({0}/{1})","اختر الأرقام التسلسلية ({0}/{1})"
"Select Territory","اختر المنطقة"
"Select Unit of Measure","اختيار وحدة القياس"
"Select a Coupon","اختر كوبون"
"Select a Promotion","اختر عرضاً"
"Select a payment method","تحديد طريقة الدفع"
"Select a payment method to start","يرجى تحديد طريقة دفع للبدء"
"Select items to start or choose a quick action","اختر المنتجات للبدء أو اختر إجراءً سريعاً"
"Select method...","اختر الطريقة..."
"Select option","اختر خياراً"
"Select payment method to add","اختر طريقة دفع للإضافة"
"Select payment method...","اختر طريقة الدفع..."
"Select sales person...","تحديد المندوب..."
"Select the unit of measure for this item:","اختر وحدة القياس لهذا الصنف:"
"Select {0}","اختر {0}"
"Selected","اختيار"
"Selected:","المختارين:"
"Selection must be a list","يجب أن يكون الاختيار قائمة"
"Send Email","إرسال بريد"
"Serial No:","الرقم التسلسلي:"
"Serial Numbers","الأرقام التسلسلية"
"Server Error","خطأ في الخادم"
"Service","خدمة"
"Services","الخدمات"
"Session expired, please login again","انتهت الجلسة، يرجى الدخول مجدداً"
"Set Price","تعيين السعر"
"Settings","الإعدادات"
"Settings saved and warehouse updated. Reloading stock...","تم حفظ الإعدادات وتحديث المستودع. جاري إعادة تحميل المخزون..."
"Settings saved successfully","تم حفظ الإعدادات بنجاح"
"Settings saved, warehouse updated, and tax mode changed. Cart will be recalculated.","تم حفظ الإعدادات وتحديث المستودع وتغيير وضع الضريبة. سيتم إعادة حساب السلة."
"Settings saved. Tax mode is now ""exclusive"". Cart will be recalculated.","تم حفظ الإعدادات. وضع الضريبة الآن ""غير شامل"". سيتم إعادة حساب السلة."
"Settings saved. Tax mode is now ""inclusive"". Cart will be recalculated.","تم حفظ الإعدادات. وضع الضريبة الآن ""شامل"". سيتم إعادة حساب السلة."
"Share","مشاركة"
"Share Receipt","مشاركة الإيصال"
"Shift Closing","نهاية الوردية"
"Shift Details","تفاصيل الوردية"
"Shift ID","رقم الوردية"
"Shift Open","الوردية مفتوحة"
"Shift Open:","وقت بداية الوردية:"
"Shift Opening","بداية الوردية"
"Shift Status","حالة الوردية"
"Shift Summary","ملخص الوردية"
"Shift closed successfully","تم إغلاق الوردية بنجاح"
"Shift is Open","الوردية مفتوحة"
"Shift start","بداية الوردية"
"Short {0}","عجز {0}"
"Show All","عرض الكل"
"Show All Activity","عرض كل النشاط"
"Show Less","عرض أقل"
"Show More","عرض المزيد"
"Show discounts as percentages","عرض الخصومات كنسب مئوية"
"Show exact totals without rounding","عرض الإجماليات الدقيقة بدون تقريب"
"Show password","إظهار كلمة المرور"
"Showing {0} to {1} of {2} entries","عرض {0} إلى {1} من {2}"
"Sign In","دخول"
"Sign Out","خروج"
"Sign Out Confirmation","تأكيد الخروج"
"Sign Out Only","تسجيل الخروج فقط"
"Sign Out?","تسجيل الخروج؟"
"Sign Up","إنشاء حساب"
"Sign in","تسجيل الدخول"
"Sign in to POS Next","تسجيل الدخول إلى POS Next"
"Sign out","تسجيل الخروج"
"Signing Out...","جاري الخروج..."
"Signing in...","جاري تسجيل الدخول..."
"Signing out...","جاري الخروج..."
"Silent Print","طباعة مباشرة"
"Skip","تخطي"
"Skip & Sign Out","خروج دون إغلاق"
"Snooze for 7 days","تأجيل لمدة 7 أيام"
"Some data may not be available offline","بعض البيانات قد لا تتوفر دون اتصال"
"Sort","ترتيب"
"Sort Items","ترتيب المنتجات"
"Sort items","ترتيب المنتجات"
"Sorted by {0} A-Z","مرتب حسب {0} أ-ي"
"Sorted by {0} Z-A","مرتب حسب {0} ي-أ"
"Special Offer","عرض خاص"
"Specific Items","منتجات محددة"
"Split Amount","مبلغ التقسيم"
"Split Payment","تقسيم الدفع"
"Split Total","إجمالي التقسيم"
"Start Date","تاريخ البدء"
"Start New Sale","بيع جديد"
"Start Sale","بدء البيع"
"Start typing to see suggestions","ابدأ الكتابة لإظهار الاقتراحات"
"State","المحافظة"
"Status","الحالة"
"Status:","الحالة:"
"Status: {0}","الحالة: {0}"
"Stock","الرصيد المخزني"
"Stock Controls","عناصر تحكم المخزون"
"Stock Lookup","الاستعلام عن المخزون"
"Stock Management","إدارة المخزون"
"Stock Reserved","تم حجز المخزون"
"Stock Validation Policy","سياسة التحقق من المخزون"
"Stock Warning","تحذير المخزون"
"Stock unit","وحدة المخزون"
"Stock: {0}","المخزون: {0}"
"Submit","تأكيد"
"Submit to Manager","تقديم للمدير"
"Submitted","مُعتمد"
"Submitted ({0})","مُقدَّمة ({0})"
"Subtotal","المجموع الفرعي"
"Subtotal (before tax)","المجموع الفرعي (قبل الضريبة)"
"Subtotal:","المجموع الفرعي:"
"Success","تم بنجاح"
"Support","الدعم الفني"
"Switch to grid view","التبديل إلى العرض الشبكي"
"Switch to list view","التبديل إلى عرض القائمة"
"Switched to {0}. Stock quantities refreshed.","تم التبديل إلى {0}. تم تحديث كميات المخزون."
"Sync All","مزامنة الكل"
"Sync Complete","اكتملت المزامنة"
"Sync Interval (seconds)","فترة المزامنة (ثواني)"
"Sync Now","مزامنة الآن"
"Sync failed","فشلت المزامنة"
"Synced","تمت المزامنة"
"Syncing","جاري المزامنة"
"Syncing catalog in background... {0} items cached","جاري مزامنة الكتالوج في الخلفية... {0} عنصر مخزن"
"Syncing...","جارٍ المزامنة..."
"System Test","فحص النظام"
"TAX INVOICE","فاتورة ضريبية"
"TOTAL:","الإجمالي:"
"Tabs","علامات التبويب"
"Tax","ضريبة"
"Tax ""{0}"" does not have a Tax Account configured. Please set a Tax Account in the Expense Taxes master.","الضريبة ""{0}"" ليس لها حساب ضريبة معيّن. يرجى تعيين حساب ضريبة في بيانات ضرائب المصروفات."
"Tax Collected","الضريبة المحصلة"
"Tax Configuration Error","خطأ في إعداد الضريبة"
"Tax Inclusive","شامل الضريبة"
"Tax Summary","ملخص الضريبة"
"Tax mode updated. Cart recalculated with new tax settings.","تم تحديث نظام الضرائب. تمت إعادة حساب السلة."
"Tax:","الضريبة:"
"Taxes:","الضرائب:"
"Technical: {0}","تقني: {0}"
"Terms of Service","شروط الخدمة"
"Territory","المنطقة"
"Test Connection","فحص الاتصال"
"Thank you for your business!","شكراً لتعاملكم معنا!"
"The coupon code you entered is not valid","رمز الكوبون الذي أدخلته غير صالح"
"The erpnext_expenses app is required for creating expense reports. Please install it.","تطبيق erpnext_expenses مطلوب لإنشاء تقارير المصروفات. يرجى تثبيته."
"The expense date cannot be in the future.","لا يمكن أن يكون تاريخ المصروف في المستقبل."
"The split amount ({0}) does not match the expense total ({1}).","مبلغ التقسيم ({0}) لا يتطابق مع إجمالي المصروف ({1})."
"Theme","السمة"
"These invoices will be submitted when you're back online","سيتم إرسال هذه الفواتير عند عودتك للاتصال"
"This Month","هذا الشهر"
"This Week","هذا الأسبوع"
"This Year","هذا العام"
"This action cannot be undone","لن يمكنك التراجع عن هذا الإجراء"
"This action cannot be undone.","لا يمكن التراجع عن هذا الإجراء."
"This combination is not available","هذا التركيب غير متوفر"
"This coupon requires a minimum purchase of ","هذا الكوبون يتطلب حد أدنى للشراء بقيمة "
"This field is required","هذا الحقل مطلوب"
"This invoice cannot be returned because the return period has expired.","عفواً، لا يمكن عمل مرتجع لانتهاء المهلة المسموحة."
"This invoice was paid on account (credit sale). The return will reverse the accounts receivable balance. No cash refund will be processed.","تم بيع هذه الفاتورة ""على الحساب"". سيتم خصم القيمة من مديونية العميل (تسوية الرصيد) ولن يتم صرف أي مبلغ نقدي."
"This invoice was partially paid. The refund will be split proportionally.","هذه الفاتورة مسددة جزئياً. سيتم تقسيم المبلغ المسترد بشكل متناسب."
"This invoice was sold on credit. The customer owes the full amount.","تم تسجيل هذه الفاتورة كبيع آجل. المبلغ بالكامل مستحق على العميل."
"This item is out of stock in all warehouses","هذا الصنف نفذ من جميع المستودعات"
"This item template <strong>{0}<strong> has no variants created yet.","قالب الصنف <strong>{0}</strong> ليس له أنواع مُنشأة بعد."
"This return was against a Pay on Account invoice. The accounts receivable balance has been reversed. No cash refund was processed.","هذا المرتجع يخص فاتورة آجلة. تم تعديل رصيد العميل تلقائياً، ولم يتم دفع أي مبلغ نقدي."
"This will also delete all associated pricing rules. This action cannot be undone.","سيؤدي هذا أيضاً إلى حذف جميع قواعد التسعير المرتبطة. لا يمكن التراجع عن هذا الإجراء."
"This will clear all cached items, customers, stock data, and translations. Invoices and drafts will be preserved.","سيتم مسح جميع الأصناف والعملاء وبيانات المخزون والترجمات المخزنة مؤقتاً. سيتم الاحتفاظ بالفواتير والمسودات."
"Time","الوقت"
"Times Used","مرات الاستخدام"
"Timestamp: {0}","الطابع الزمني: {0}"
"Title: {0}","العنوان: {0}"
"To","إلى"
"To Date","إلى تاريخ"
"To create variants:","لإنشاء الأنواع:"
"Today","اليوم"
"Too Many Attachments","عدد المرفقات كثير جداً"
"Total","الإجمالي"
"Total Actual","إجمالي الفعلي"
"Total Amount","إجمالي المبلغ"
"Total Available","إجمالي الكمية المتوفرة"
"Total Available:","إجمالي المتاح:"
"Total Expected","إجمالي المتوقع"
"Total Paid:","إجمالي المدفوع:"
"Total Quantity","إجمالي الكمية"
"Total Refund:","إجمالي الاسترداد:"
"Total Sales","إجمالي المبيعات"
"Total Size Exceeded","تجاوز الحجم الإجمالي"
"Total Tax Collected","إجمالي الضريبة المحصلة"
"Total Transactions","إجمالي المعاملات"
"Total Variance","إجمالي الفرق"
"Total attachment size ({0}MB) exceeds maximum allowed total of {1}MB.","إجمالي حجم المرفقات ({0} ميجابايت) يتجاوز الحد الأقصى المسموح {1} ميجابايت."
"Total attachment size exceeds {0}MB limit","إجمالي حجم المرفقات يتجاوز حد {0} ميجابايت"
"Total items","إجمالي العناصر"
"Total must equal invoice amount","يجب مطابقة الإجمالي مع قيمة الفاتورة"
"Total tax","إجمالي الضريبة"
"Total:","الإجمالي:"
"Total: {0}","الإجمالي: {0}"
"Total: {0}%","الإجمالي: {0}%"
"Total: {0}% (should be 100%)","الإجمالي: {0}% (يجب أن يكون 100%)"
"Transaction","المعاملة"
"Transfer Stock","نقل مخزون"
"Try Again","حاول مرة أخرى"
"Try a different search term","جرب كلمة بحث أخرى"
"Try a different search term or check the invoice number","تأكد من رقم الفاتورة أو جرب البحث بكلمة أخرى"
"Try a different search term or create a new customer","جرب مصطلح بحث مختلف أو أنشئ عميلاً جديداً"
"Type","النوع"
"Type to search items...","اكتب للبحث عن صنف..."
"Type: {0}","النوع: {0}"
"UOM","وحدة القياس"
"Unable to connect to server. Check your internet connection.","تعذر الاتصال بالخادم. تحقق من اتصالك بالإنترنت."
"Unit","الوحدة"
"Unit changed to {0}","تم تغيير الوحدة إلى {0}"
"Unit of Measure","وحدة القياس"
"Unknown","غير معروف"
"Unlimited","غير محدود"
"Unpaid","غير مدفوع"
"Unpaid ({0})","غير مدفوع ({0})"
"Until {0}","حتى {0}"
"Update","تحديث"
"Update Item","تحديث المنتج"
"Update the promotion details below","تحديث تفاصيل العرض أدناه"
"Upload","رفع"
"Uploading...","جارٍ الرفع..."
"Use Percentage Discount","استخدام خصم نسبي"
"Used: {0}","مستخدم: {0}"
"Used: {0}/{1}","مستخدم: {0}/{1}"
"User ID / Email","اسم المستخدم / البريد الإلكتروني"
"User: {0}","المستخدم: {0}"
"Username","اسم المستخدم"
"Valid From","صالح من"
"Valid Until","صالح حتى"
"Validation Error","خطأ في البيانات"
"Validity & Usage","الصلاحية والاستخدام"
"Value must be positive","القيمة يجب أن تكون موجبة"
"Version","إصدار"
"View","عرض"
"View Attachment","عرض المرفق"
"View Attachments","عرض المرفقات"
"View Bundle","عرض الحزمة"
"View Details","عرض التفاصيل"
"View Full Report","عرض التقرير الكامل"
"View Outstanding","عرض المستحقات"
"View Receipt","عرض الإيصال"
"View Shift","عرض الوردية"
"View all available offers","عرض جميع العروض المتاحة"
"View and update coupon information","عرض وتحديث معلومات الكوبون"
"View cart","عرض السلة"
"View cart with {0} items","عرض السلة ({0} أصناف)"
"View current shift details","عرض تفاصيل الوردية الحالية"
"View draft invoices","عرض مسودات الفواتير"
"View invoice history","عرض سجل الفواتير"
"View items","عرض المنتجات"
"View pricing rule details (read-only)","عرض تفاصيل قاعدة التسعير (للقراءة فقط)"
"Waiting for requirements","في انتظار استيفاء المتطلبات"
"Walk-in Customer","عميل عابر"
"Wallet","محفظة إلكترونية"
"Warehouse","المستودع"
"Warehouse Availability","توفر المستودعات"
"Warehouse Selection","اختيار المستودع"
"Warehouse not set","لم يتم تعيين المستودع"
"Warehouse updated but failed to reload stock. Please refresh manually.","تم تحديث المستودع لكن فشل تحميل المخزون. يرجى التحديث يدوياً."
"Warehouse: {0}","المستودع: {0}"
"Warning","تنبيه"
"Warning: Mixed payment exceeds invoice total. Change not allowed for mixed payments.","تنبيه: الدفع المختلط يتجاوز الفاتورة. لا يوجد باقي للمدفوعات المختلطة."
"Week","أسبوع"
"Weeks","أسابيع"
"Welcome to POS Next","مرحباً بك في POS Next"
"Welcome to POS Next!","مرحباً بك في POS Next!"
"What is this expense for?","ما الغرض من هذا المصروف؟"
"WhatsApp Receipt","إرسال الإيصال واتساب"
"When enabled, displayed prices include tax. When disabled, tax is calculated separately. Changes apply immediately to your cart when you save.","عند التفعيل، الأسعار المعروضة تشمل الضريبة. عند التعطيل، يتم حساب الضريبة بشكل منفصل. التغييرات تطبق فوراً على السلة عند الحفظ."
"Workflow actions require an internet connection","إجراءات سير العمل تتطلب اتصالاً بالإنترنت"
"Write Off","تجاوز عن الفارق"
"Write Off Change","شطب الكسور / الفكة"
"Write off small change amounts","شطب المبالغ الصغيرة المتبقية"
"Written Off","فارق مُسوى"
"Year","سنة"
"Years","سنوات"
"Yes","نعم"
"Yesterday","أمس"
"You are offline","أنت غير متصل"
"You can add 1 more attachment.","يمكنك إضافة مرفق واحد إضافي."
"You can now start making sales","يمكنك البدء بالبيع الآن"
"You can only access your own expenses.","يمكنك الوصول إلى مصروفاتك الخاصة فقط."
"You can only create expenses for your own employee record.","يمكنك فقط إنشاء مصروفات لسجل الموظف الخاص بك."
"You can only delete your own expenses.","يمكنك حذف مصروفاتك الخاصة فقط."
"You can only edit your own expenses.","يمكنك تعديل مصروفاتك الخاصة فقط."
"You can only manage your own expense reports.","يمكنك إدارة تقارير المصروفات الخاصة بك فقط."
"You can only view your own expenses.","يمكنك عرض مصروفاتك الخاصة فقط."
"You do not have permission to access this expense","ليس لديك صلاحية للوصول إلى هذا المصروف"
"You do not have permission to modify this expense report","ليس لديك صلاحية لتعديل تقرير المصروفات هذا"
"You don't have permission to create coupons","ليس لديك إذن لإنشاء كوبونات"
"You don't have permission to create customers. Contact your administrator.","ليس لديك إذن لإنشاء عملاء. تواصل مع المسؤول."
"You don't have permission to create promotions","ليس لديك إذن لإنشاء العروض"
"You have an active shift open. Would you like to:","لديك وردية نشطة حالياً. ماذا تريد أن تفعل؟"
"You have an open shift. Would you like to resume it or close it and open a new one?","لديك وردية مفتوحة. هل تريد استئنافها أم إغلاقها وفتح وردية جديدة؟"
"You have less than expected.","لديك أقل من المتوقع."
"You have more than expected.","لديك أكثر من المتوقع."
"You need to open a shift before you can start making sales.","يجب فتح وردية قبل البدء في عمليات البيع."
"You will be logged out of POS Next","سيتم تسجيل خروجك من POS Next"
"Your Shift is Still Open!","الوردية لا تزال مفتوحة!"
"Your cart doesn't meet the requirements for this offer.","سلتك لا تستوفي متطلبات هذا العرض."
"Your cart is empty","السلة فارغة"
"Your point of sale system is ready to use.","النظام جاهز للاستخدام."
"Your user account must be linked to an active Employee record to manage expenses.","يجب ربط حساب المستخدم الخاص بك بسجل موظف نشط لإدارة المصروفات."
"across 1 warehouse","عبر مستودع واحد"
"across {0} warehouses","عبر {0} مستودعات"
"comm.","عمولة"
"days","أيام"
"discount ({0})","الخصم ({0})"
"e.g., 20","مثال: 20"
"e.g., Summer Sale 2025","مثال: تخفيضات الصيف 2025"
"e.g., Summer Sale Coupon 2025","مثال: كوبون تخفيضات الصيف 2025"
"in 1 warehouse","في مستودع واحد"
"in {0} warehouses","في {0} مستودعات"
"max {0} files, {1}MB each","الحد الأقصى {0} ملفات، {1} ميجابايت لكل ملف"
"of {0}","من {0}"
"optional","اختياري"
"per page","في الصفحة"
"per {0}","لكل {0}"
"serials","أرقام تسلسلية"
"{0} ({1}) added to cart","تمت إضافة {0} ({1}) للسلة"
"{0} - {1} of {2}","{0} - {1} من {2}"
"{0} Amount","المبلغ {0}"
"{0} OFF","خصم {0}"
"{0} Pending Invoice(s)","{0} فاتورة(فواتير) معلقة"
"{0} added to cart","تمت إضافة {0} للسلة"
"{0} applied successfully","تم تطبيق {0} بنجاح"
"{0} created and selected","تم إنشاء {0} وتحديده"
"{0} days ago","منذ {0} أيام"
"{0} expenses failed to sync","فشلت مزامنة {0} مصروفات"
"{0} expenses synced successfully","تمت مزامنة {0} مصروفات بنجاح"
"{0} failed","فشل {0}"
"{0} free item(s) included","يتضمن {0} منتج(منتجات) مجانية"
"{0} hours ago","منذ {0} ساعات"
"{0} invoice - {1} outstanding","{0} فاتورة - {1} مستحق"
"{0} invoice(s) failed to sync","فشلت مزامنة {0} فاتورة"
"{0} invoice(s) synced successfully","تمت مزامنة {0} فاتورة بنجاح"
"{0} invoices","{0} فواتير"
"{0} invoices - {1} outstanding","{0} فواتير - {1} مستحق"
"{0} item(s)","{0} منتج(منتجات)"
"{0} item(s) selected","تم اختيار {0} منتج(منتجات)"
"{0} items","{0} منتجات"
"{0} items found","تم العثور على {0} منتج"
"{0} minutes ago","منذ {0} دقائق"
"{0} of {1} customers","{0} من {1} عميل"
"{0} off {1}","خصم {0} على {1}"
"{0} paid","تم دفع {0}"
"{0} paid of {1}","تم دفع {0} من {1}"
"{0} reserved","{0} محجوزة"
"{0} returns","{0} مرتجعات"
"{0} selected","{0} محدد"
"{0} settings applied immediately","تم تطبيق إعدادات {0} فوراً"
"{0} transactions • {1}","{0} معاملات • {1}"
"{0} units available in ""{1}""","{0} وحدات متوفرة في ""{1}"""
"{0} updated successfully","تم تحديث {0} بنجاح"
"{0}% OFF","خصم {0}%"
"{0}% off {1}","خصم {0}% على {1}"
"{0}: maximum {1}","{0}: الحد الأقصى {1}"
"{0}: {1}","{0}: {1}"
"{0}: {1} Bundles","{0}: {1} حزم"
"{0}: {1} {2}","{0}: {1} {2}"
"{0}h {1}m","{0}س {1}د"
"{0}h {1}m {2}s","{0}س {1}د {2}ث"
"{0}m","{0}د"
"{0}m ago","منذ {0}د"
"{0}s ago","منذ {0}ث"
"~15 KB per sync cycle","~15 كيلوبايت لكل دورة مزامنة"
"~{0} MB per hour","~{0} ميجابايت في الساعة"
"• Use ↑↓ to navigate, Enter to select","• استخدم ↑↓ للتنقل، Enter للاختيار"
"⚠️ Payment total must equal refund amount","⚠️ يجب أن يساوي إجمالي الدفع مبلغ الاسترداد"
"⚠️ Payment total must equal refundable amount","⚠️ يجب أن يساوي إجمالي الدفع المبلغ القابل للاسترداد"
"⚠️ {0} already returned","⚠️ تم إرجاع {0} مسبقاً"
"✓ Balanced","✓ متوازن"
"✓ Connection successful: {0}","✓ الاتصال ناجح: {0}"
"✓ Shift Closed","✓ تم إغلاق الوردية"
"✓ Shift closed successfully","✓ تم إغلاق الوردية بنجاح"
"✗ Connection failed: {0}","✗ فشل الاتصال: {0}"
"⭐ Recent & Frequent","⭐ الأحدث والأكثر تكراراً"
